route_point,x,y
0,0.0,0.0
1,0,0
2,0.0106,0.005
3,0.0513,0.005
4,0.0943,0.0038
5,0.1291,-0.0008
6,0.167,-0.007
7,0.2062,-0.0126
8,0.2435,-0.0174
9,0.279,-0.0204
10,0.3183,-0.0273
11,0.3616,-0.0327
12,0.4051,-0.037
13,0.4485,-0.0396
14,0.4922,-0.0396
15,0.5279,-0.0396
16,0.5691,-0.0396
17,0.6059,-0.0396
18,0.6438,-0.0396
19,0.6829,-0.0396
20,0.7202,-0.0396
21,0.7583,-0.0396
22,0.7972,-0.0362
23,0.8359,-0.0308
24,0.8721,-0.0249
25,0.9082,-0.0176
26,0.9463,-0.0104
27,0.9818,0.0017
28,1.0112,0.0247
29,1.0327,0.0534
30,1.0587,0.0816
31,1.0867,0.1032
32,1.1146,0.1268
33,1.1366,0.157
34,1.1492,0.1907
35,1.1618,0.2269
36,1.1796,0.2602
37,1.1946,0.294
38,1.2019,0.3316
39,1.2043,0.3669
40,1.2011,0.402
41,1.1946,0.4383
42,1.1882,0.4759
43,1.1841,0.5138
44,1.184,0.5508
45,1.1814,0.5958
46,1.177,0.6364
47,1.1695,0.6745
48,1.1628,0.7132
49,1.1567,0.7557
50,1.149,0.7941
51,1.1404,0.8285
52,1.138,0.8659
53,1.1354,0.9021
54,1.1341,0.9396
55,1.1321,0.9759
56,1.1568,0.9982
57,1.138,1.0107
58,1.1732,1.0022
59,1.2101,0.9995
60,1.2459,0.9959
61,1.282,0.9959
62,1.318,0.9959
63,1.3553,0.9918
64,1.3918,0.988
65,1.4278,0.9818
66,1.4638,0.9818
67,1.4995,0.9803
68,1.5405,0.9779
69,1.5766,0.9757
70,1.6155,0.974
71,1.6531,0.9737
72,1.6918,0.9737
73,1.7308,0.9737
74,1.7663,0.9737
75,1.8071,0.9737
76,1.8427,0.9777
77,1.8778,0.987
78,1.9111,1.0044
79,1.9421,1.0224
80,1.9745,1.039
81,2.0065,1.057
82,2.0307,1.0823
83,2.0563,1.1193
84,2.0806,1.1562
85,2.1017,1.19
86,2.1199,1.2243
87,2.1355,1.2563
88,2.1498,1.2903
89,2.1639,1.3343
90,2.1734,1.3728
91,2.1828,1.4106
92,2.1832,1.4469
93,2.1832,1.4867
94,2.1832,1.5238
95,2.1832,1.5602
96,2.1832,1.5956
97,2.181,1.6352
98,2.176,1.672
99,2.1661,1.7092
100,2.1551,1.7439
101,2.1455,1.7785
102,2.134,1.8175
103,2.1221,1.8525
104,2.108,1.8852
105,2.0867,1.9199
106,2.0586,1.9468
107,2.0299,1.9704
108,1.9978,1.9946
109,1.9664,2.0192
110,1.9341,2.0394
111,1.8991,2.0477
112,1.8599,2.0608
113,1.8257,2.0736
114,1.7893,2.0869
115,1.55,2.05
